https://www.donaldson.com/,301,http://emea.donaldson.com/en/index.html
https://www.donaldson.com/content/dam/donaldson/engine-hydraulics-bulk/literature/north-america/engine-liquid/Fuel/F111294-ENG/Fuel-Filters-for-Racor-Fuel-Systems.pdf,200
https://www.donaldson.com/en/about-us/people-careers/search-apply.html,301,https://www.donaldson.com/en-us/about-us/people-careers/search-apply.html
https://www.donaldson.com/en/compressor/support/datalibrary/034947.pdf,302,https://www3.donaldson.com/en/compressor/support/datalibrary/034947.pdf
https://www.donaldson.com/en/compressor/support/datalibrary/052684.pdf,302,https://www3.donaldson.com/en/compressor/support/datalibrary/052684.pdf
https://www.donaldson.com/en/compressor/support/datalibrary/085319.pdf,302,https://www3.donaldson.com/en/compressor/support/datalibrary/085319.pdf
https://www.donaldson.com/en/compressor/support/datalibrary/091637.pdf,302,https://www3.donaldson.com/en/compressor/support/datalibrary/091637.pdf
https://www.donaldson.com/en/contact.html,301,https://www.donaldson.com/en-us/contact.html
https://www.donaldson.com/en/diskdrive/events/index.html,302,https://www3.donaldson.com/en/diskdrive/events/index.html
https://www.donaldson.com/en/diskdrive/filters/index.html,302,https://www3.donaldson.com/en/diskdrive/filters/index.html
https://www.donaldson.com/en/diskdrive/support/datalibrary/051291.pdf,302,https://www3.donaldson.com/en/diskdrive/support/datalibrary/051291.pdf
https://www.donaldson.com/en/diskdrive/support/datalibrary/index.html,302,https://www3.donaldson.com/en/diskdrive/support/datalibrary/index.html
https://www.donaldson.com/en/engine/filters/products/hydraulics.html,301,https://www.donaldson.com/en-us/engine/filters/products/hydraulics.html
https://www.donaldson.com/en/engine/support/datalibrary/081341.pdf,301,https://www.donaldson.com/en-us/engine/support/datalibrary/081341.pdf
https://www.donaldson.com/en/engine/support/datalibrary/084480.pdf,301,https://www.donaldson.com/en/engine/filters/fuel/replacement-filters/competitive-fit-filters/cummins-qsk-engines.html
https://www.donaldson.com/en/gasturbine/contactus/offices.html,302,https://www3.donaldson.com/en/gasturbine/contactus/offices.html
https://www.donaldson.com/en/gasturbine/events/index.html,302,https://www3.donaldson.com/en/gasturbine/events/index.html
https://www.donaldson.com/en/gasturbine/news/085331.html,302,https://www3.donaldson.com/en/gasturbine/news/085331.html
https://www.donaldson.com/en/gasturbine/service/index.html,302,https://www3.donaldson.com/en/gasturbine/service/index.html
https://www.donaldson.com/en/gasturbine/support/datalibrary/000518.pdf,302,https://www3.donaldson.com/en/gasturbine/support/datalibrary/000518.pdf
https://www.donaldson.com/en/gasturbine/support/datalibrary/000519.pdf,302,https://www3.donaldson.com/en/gasturbine/support/datalibrary/000519.pdf
https://www.donaldson.com/en/gasturbine/support/datalibrary/000532.pdf,302,https://www3.donaldson.com/en/gasturbine/support/datalibrary/000532.pdf
https://www.donaldson.com/en/gasturbine/support/datalibrary/000538.pdf,302,https://www3.donaldson.com/en/gasturbine/support/datalibrary/000538.pdf
https://www.donaldson.com/en/gasturbine/support/datalibrary/000586.pdf,302,https://www3.donaldson.com/en/gasturbine/support/datalibrary/000586.pdf
https://www.donaldson.com/en/gasrbine/support/datalibrary/005963.pdf,301,https://www.donaldson.com/en-us/gasrbine/support/datalibrary/005963.pdf
https://www.donaldson.com/en/gasturbine/support/datalibrary/034133.pdf,302,https://www3.donaldson.com/en/gasturbine/support/datalibrary/034133.pdf
https://www.donaldson.com/en/gasturbine/support/datalibrary/085277.pdf,302,https://www3.donaldson.com/en/gasturbine/support/datalibrary/085277.pdf
https://www.donaldson.com/en/gasturbine/support/faq.html,302,https://www3.donaldson.com/en/gasturbine/support/faq.html
https://www.donaldson.com/en/process/certifications/005620.pdf,301,https://www.donaldson.com/en-us/process/certifications/005620.pdf
https://www.donaldson.com/en/process/certifications/005621.pdf,301,https://www.donaldson.com/en-us/process/certifications/005621.pdf
https://www.donaldson.com/en/process/certifications/005625.pdf,301,https://www.donaldson.com/en-us/process/certifications/005625.pdf
https://www.donaldson.com/en/process/certifications/063841.pdf,301,https://www.donaldson.com/en-us/process/certifications/063841.pdf
https://www.donaldson.com/en/process/certifications/063870.pdf,301,https://www.donaldson.com/en-us/process/certifications/063870.pdf
https://www.donaldson.com/en/process/certifications/064697.pdf,301,https://www.donaldson.com/en-us/process/certifications/064697.pdf
https://www.donaldson.com/en/process/certifications/064727.pdf,301,https://www.donaldson.com/en-us/process/certifications/064727.pdf
https://www.donaldson.com/en/process/contactus/index.html,301,https://www.donaldson.com/en-us/process/contactus/index.html
https://www.donaldson.com/en/process/index.html,301,https://www.donaldson.com/en-us/process/index.html
https://www.donaldson.com/en/process/literature/005393.pdf,301,https://www.donaldson.com/en-us/process/literature/005393.pdf
https://www.donaldson.com/en/process/literature/005394.pdf,301,https://www.donaldson.com/en-us/process/literature/005394.pdf
https://www.donaldson.com/en/process/literature/005401.pdf,301,https://www.donaldson.com/en-us/process/literature/005401.pdf
https://www.donaldson.com/en/process/literature/005402.pdf,301,https://www.donaldson.com/en-us/process/literature/005402.pdf
https://www.donaldson.com/en/process/literature/005405.pdf,301,https://www.donaldson.com/en-us/process/literature/005405.pdf
https://www.donaldson.com/en/process/literature/005406.pdf,301,https://www.donaldson.com/en-us/process/literature/005406.pdf
https://www.donaldson.com/en/process/literature/005407.pdf,301,https://www.donaldson.com/en-us/process/literature/005407.pdf
https://www.donaldson.com/en/process/literature/005409.pdf,301,https://www.donaldson.com/en-us/process/literature/005409.pdf
https://www.donaldson.com/en/process/literature/052481.pdf,301,https://www.donaldson.com/en-us/process/literature/052481.pdf
https://www.donaldson.com/en/process/literature/064048.pdf,301,https://www.donaldson.com/en-us/process/literature/064048.pdf
https://www.donaldson.com/en/process/literature/064051.pdf,301,https://www.donaldson.com/en-us/process/literature/064051.pdf
https://www.donaldson.com/en/process/literature/064621.pdf,301,https://www.donaldson.com/en-us/process/literature/064621.pdf
https://www.donaldson.com/en/process/literature/083672.pdf,301,https://www.donaldson.com/en-us/process/literature/083672.pdf
https://www.donaldson.com/en/process/literature/091446.pdf,301,https://www.donaldson.com/en-us/process/literature/091446.pdf
https://www.donaldson.com/en/semiconductor/chemical/index.html,302,https://www3.donaldson.com/en/semiconductor/chemical/index.html
https://www.donaldson.com/en/semiconductor/chemical/index.html.,302,https://www3.donaldson.com/en/semiconductor/chemical/index.html.
https://www.donaldson.com/en/semiconductor/contactus/index.html,302,https://www3.donaldson.com/en/semiconductor/contactus/index.html
https://www.donaldson.com/en/semiconductor/contactus/offices.html,302,https://www3.donaldson.com/en/semiconductor/contactus/offices.html
https://www.donaldson.com/en/semiconductor/lithoguard/index.html,302,https://www3.donaldson.com/en/semiconductor/lithoguard/index.html
https://www.donaldson.com/en/semiconductor/support/datalibrary/033967.pdf,302,https://www3.donaldson.com/en/semiconductor/support/datalibrary/033967.pdf
https://www.donaldson.com/en/semiconductor/support/datalibrary/036017.pdf,302,https://www3.donaldson.com/en/semiconductor/support/datalibrary/036017.pdf
https://www.donaldson.com/en/semiconductor/support/datalibrary/059495.pdf,302,https://www3.donaldson.com/en/semiconductor/support/datalibrary/059495.pdf
https://www.donaldson.com/en/semiconductor/support/datalibrary/index.html,302,https://www3.donaldson.com/en/semiconductor/support/datalibrary/index.html
https://www.donaldson.com/en/semiconductor/support/faq.html,302,https://www3.donaldson.com/en/semiconductor/support/faq.html
https://www.donaldson.com/en/style.css,302,https://www3.donaldson.com/en/style.css
https://www.donaldson.com/,301,http://emea.donaldson.com/en/index.html
https://www.donaldson.com//content/dam/donalson/dust-fume-mist/literature/north-america/filters-parts/baghouse/fabric-bags/standard/competitive-fit-replacements,301,https://www.donaldson.com/content/dam/donalson/dust-fume-mist/literature/north-america/filters-parts/baghouse/fabric-bags/standard/competitive-fit-replacements/
https://www.donaldson.com//content/dam/donaldson/dust-fume-mist/literature/north-america/filters-parts/baghouse/pleated/standard/spunbond,301,https://www.donaldson.com/content/dam/donaldson/dust-fume-mist/literature/north-america/filters-parts/baghouse/pleated/standard/spunbond/
https://www.donaldson.com//content/dam/donaldson/dust-fume-mist/literature/north-america/filters-parts/mist/competitive-fit-replacements,301,https://www.donaldson.com/content/dam/donaldson/dust-fume-mist/literature/north-america/filters-parts/mist/competitive-fit-replacements/
https://www.donaldson.com//content/donaldson/en-be/about-us/company-information,302,https://www.donaldson.com/en-be/about-us/company-information
https://www.donaldson.com//content/donaldson/en-be/about-us/ethics-compliance,302,https://www.donaldson.com/en-be/about-us/ethics-compliance
https://www.donaldson.com//content/donaldson/en-be/about-us/people-careers,302,https://www.donaldson.com/en-be/about-us/people-careers
https://www.donaldson.com//content/donaldson/en-be/about-us/people-careers/search-apply/apply-now,302,https://www.donaldson.com/en-be/about-us/people-careers/search-apply/apply-now
https://www.donaldson.com//content/donaldson/en-be/about-us/suppliers,302,https://www.donaldson.com/en-be/about-us/suppliers
https://www.donaldson.com//content/donaldson/en-be/industrial-dust-fume-mist/contact-us,302,https://www.donaldson.com/en-be/industrial-dust-fume-mist/contact-us
https://www.donaldson.com//content/donaldson/en-be/merchandise,302,https://www.donaldson.com/en-be/merchandise
https://www.donaldson.com//content/donaldson/en-be/privacy-policy,302,https://www.donaldson.com/en-be/privacy-policy
https://www.donaldson.com//content/donaldson/en-be/terms-conditions,302,https://www.donaldson.com/en-be/terms-conditions
https://www.donaldson.com//content/donaldson/en-us/about-us/company-information,302,https://www.donaldson.com/en-us/about-us/company-information
https://www.donaldson.com//content/donaldson/en-us/about-us/ethics-compliance,302,https://www.donaldson.com/en-us/about-us/ethics-compliance
https://www.donaldson.com//content/donaldson/en-us/about-us/investors,302,https://www.donaldson.com/en-us/about-us/investors
https://www.donaldson.com//content/donaldson/en-us/about-us/people-careers,302,https://www.donaldson.com/en-us/about-us/people-careers
https://www.donaldson.com//content/donaldson/en-us/about-us/people-careers/search-apply/apply-now,302,https://www.donaldson.com/en-us/about-us/people-careers/search-apply/apply-now
https://www.donaldson.com//content/donaldson/en-us/about-us/suppliers,302,https://www.donaldson.com/en-us/about-us/suppliers
https://www.donaldson.com//content/donaldson/en-us/industrial-dust-fume-mist/contact-us,302,https://www.donaldson.com/en-us/industrial-dust-fume-mist/contact-us
https://www.donaldson.com//content/donaldson/en-us/industrial-dust-fume-mist/reps-dealers,302,https://www.donaldson.com/en-us/industrial-dust-fume-mist/reps-dealers
https://www.donaldson.com//content/donaldson/en-us/merchandise,302,https://www.donaldson.com/en-us/merchandise
https://www.donaldson.com//content/donaldson/en-us/privacy-policy,302,https://www.donaldson.com/en-us/privacy-policy
https://www.donaldson.com//content/donaldson/en-us/terms-conditions,302,https://www.donaldson.com/en-us/terms-conditions
https://www.donaldson.com//en-ae/contact,301,https://www.donaldson.com/en-be/contact
https://www.donaldson.com//en-at/contact,301,https://www.donaldson.com/en-be/contact
https://www.donaldson.com//en-be/about-us/company-information/global-presence,301,https://www.donaldson.com/en-be/about-us/company-information/global-presence/
https://www.donaldson.com//en-be/about-us/ethics-compliance,301,https://www.donaldson.com/en-be/about-us/ethics-compliance/
https://www.donaldson.com//en-be/all-industries,301,https://www.donaldson.com/en-be/all-industries/
https://www.donaldson.com//en-be/contact,301,https://www.donaldson.com/en-be/contact/
https://www.donaldson.com//en-be/engine/filters/industries,301,https://www.donaldson.com/en-be/engine/filters/industries/
https://www.donaldson.com//en-be/engine/filters/products/bulk-fluids,301,https://www.donaldson.com/en-be/engine/filters/products/bulk-fluids/
https://www.donaldson.com//en-be/engine/filters/products/hydraulics,301,https://www.donaldson.com/en-be/engine/filters/products/hydraulics/
https://www.donaldson.com//en-be/privacy-policy,301,https://www.donaldson.com/en-be/privacy-policy/
https://www.donaldson.com//en-be/products,301,https://www.donaldson.com/en-be/products/
https://www.donaldson.com//en-be/venting,301,https://www.donaldson.com/en-be/venting/
https://www.donaldson.com//en-be/venting/all-products,301,https://www.donaldson.com/en-be/venting/all-products/
https://www.donaldson.com//en-bg/contact,301,https://www.donaldson.com/en-be/contact
https://www.donaldson.com//en-ca/contact,301,https://www.donaldson.com/en-us/contact
https://www.donaldson.com//en-ch/contact,301,https://www.donaldson.com/en-be/contact
https://www.donaldson.com//en-cz/contact,301,https://www.donaldson.com/en-be/contact
https://www.donaldson.com//en-de/contact,301,https://www.donaldson.com/en-be/contact
https://www.donaldson.com//en-dk/contact,301,https://www.donaldson.com/en-be/contact
https://www.donaldson.com//en-es/contact,301,https://www.donaldson.com/en-be/contact
https://www.donaldson.com//en-fr/contact,301,https://www.donaldson.com/en-be/contact
https://www.donaldson.com//en-gb/contact,301,https://www.donaldson.com/en-be/contact
https://www.donaldson.com//en-hu/contact,301,https://www.donaldson.com/en-be/contact
https://www.donaldson.com//en-ie/contact,301,https://www.donaldson.com/en-be/contact
